{"cameraMode":{"drawMode":0,"name":"Shaded","section":"Shading Mode"},"sceneLighting":true,"audioPlay":false,"sceneViewState":{"showFog":true,"showMaterialUpdate":true,"showSkybox":true,"showFlares":true,"showImageEffects":true,"showParticleSystems":true},"in2DMode":false,"pivot":{"x":4.223234176635742,"y":-17.01705551147461,"z":18.23326301574707},"rotation":{"x":0.371067613363266,"y":-0.032030265778303149,"z":0.012799588032066822,"w":0.9279588460922241},"size":26.124073028564454,"orthographic":false}